-- Clear existing quest and all dependent data (in correct dependency order)
-- Note: Foreign key constraints do NOT have ON DELETE CASCADE, so we must delete in order

-- Delete leaf dependencies first (bottom of dependency tree)
DELETE FROM coupon_usage WHERE coupon_id IN (SELECT id FROM coupon WHERE quest_id IN (SELECT id FROM quest WHERE game_id = '11111111-1111-1111-1111-111111111111'));
DELETE FROM coupon WHERE quest_id IN (SELECT id FROM quest WHERE game_id = '11111111-1111-1111-1111-111111111111');
DELETE FROM coupon_campaign WHERE quest_id IN (SELECT id FROM quest WHERE game_id = '11111111-1111-1111-1111-111111111111');

DELETE FROM ai_riddle_message WHERE conversation_id IN (SELECT id FROM ai_riddle_conversation WHERE quest_id IN (SELECT id FROM quest WHERE game_id = '11111111-1111-1111-1111-111111111111'));

-- Must delete quest_progress BEFORE ai_riddle_conversation because quest_progress.last_ai_conversation_id references ai_riddle_conversation
DELETE FROM quest_progress WHERE quest_id IN (SELECT id FROM quest WHERE game_id = '11111111-1111-1111-1111-111111111111');

DELETE FROM ai_riddle_conversation WHERE quest_id IN (SELECT id FROM quest WHERE game_id = '11111111-1111-1111-1111-111111111111');
DELETE FROM ai_riddle_config WHERE quest_id IN (SELECT id FROM quest WHERE game_id = '11111111-1111-1111-1111-111111111111');

DELETE FROM knowledge_document WHERE quest_id IN (SELECT id FROM quest WHERE game_id = '11111111-1111-1111-1111-111111111111');
DELETE FROM location WHERE quest_id IN (SELECT id FROM quest WHERE game_id = '11111111-1111-1111-1111-111111111111');

-- Finally delete quests
DELETE FROM quest WHERE game_id = '11111111-1111-1111-1111-111111111111';

-- Insert 5 quests
INSERT INTO quest (id, game_id, code, title, description, sort_order, status, created_at, updated_at) VALUES
('11111111-1111-1111-1111-111111111111',
 '11111111-1111-1111-1111-111111111111',
 'bridge-route-01',
 '小半天高架橋',
 '位於南投鹿谷小半天入口動線的高架橋，跨越溪谷並連接小半天三村，是兼具交通功能與山谷景觀視野的在地地標。',
 1,
 'ACTIVE',
 CURRENT_TIMESTAMP,
 CURRENT_TIMESTAMP),
('22222222-2222-2222-2222-222222222222',
 '11111111-1111-1111-1111-111111111111',
 'shima-park-02',
 '小半天石馬公園',
 '位於小半天主要觀光動線上的休憩公園，以河津櫻與季節花景聞名，兼具步道入口、拍照停留與賞花特色。',
 2,
 'ACTIVE',
 CURRENT_TIMESTAMP,
 CURRENT_TIMESTAMP),
('33333333-3333-3333-3333-333333333333',
 '11111111-1111-1111-1111-111111111111',
 'bamboo-workshop-03',
 '小半天竹藝工坊',
 '位於鹿谷竹林村的小半天竹藝文化據點，展示竹編、竹雕與生活竹器，呈現孟宗竹產業與地方工藝特色。',
 3,
 'ACTIVE',
 CURRENT_TIMESTAMP,
 CURRENT_TIMESTAMP),
('44444444-4444-4444-4444-444444444444',
 '11111111-1111-1111-1111-111111111111',
 'linshuangwen-04',
 '林爽文古戰場／孟宗竹林古戰場',
 '位於小半天孟宗竹林與步道環境中的歷史景點，連結清代林爽文事件、竹林地景與象棋殘局紀念意象。',
 4,
 'ACTIVE',
 CURRENT_TIMESTAMP,
 CURRENT_TIMESTAMP),
('55555555-5555-5555-5555-555555555555',
 '11111111-1111-1111-1111-111111111111',
 'wuxiu-charcoal-05',
 '武岫竹炭窯文化園區／竹炭窯文化園區',
 '位於鹿谷小半天的竹炭文化園區，結合孟宗竹林、茶園、生態步道與竹炭窯燒製程展示。',
 5,
 'ACTIVE',
 CURRENT_TIMESTAMP,
 CURRENT_TIMESTAMP);

-- Insert 5 locations (one primary location per quest)
INSERT INTO location (id, quest_id, name, latitude, longitude, radius_meters, max_accuracy_meters, hint_text, status, sort_order, is_primary, created_at, updated_at) VALUES
('aaaaaaaa-aaaa-aaaa-aaaa-aaaaaaaaaaaa',
 '11111111-1111-1111-1111-111111111111',
 '小半天高架橋定位點',
 23.715000,
 120.760000,
 50,
 120,
 '請沿著小半天通往三村主線前進，觀察高架橋與谷地景觀',
 'ACTIVE',
 1,
 TRUE,
 CURRENT_TIMESTAMP,
 CURRENT_TIMESTAMP),
('bbbbbbbb-bbbb-bbbb-bbbb-bbbbbbbbbbbb',
 '22222222-2222-2222-2222-222222222222',
 '小半天石馬公園定位點',
 23.714000,
 120.761100,
 80,
 120,
 '由高架橋側邊進入，尋找櫻花步道與休憩空間',
 'ACTIVE',
 1,
 TRUE,
 CURRENT_TIMESTAMP,
 CURRENT_TIMESTAMP),
('cccccccc-cccc-cccc-cccc-cccccccccccc',
 '33333333-3333-3333-3333-333333333333',
 '小半天竹藝工坊定位點',
 23.715300,
 120.761700,
 50,
 120,
 '步入小半天觀光服務聚落後，沿指標抵達竹藝展示區',
 'ACTIVE',
 1,
 TRUE,
 CURRENT_TIMESTAMP,
 CURRENT_TIMESTAMP),
('dddddddd-dddd-dddd-dddd-dddddddddddd',
 '44444444-4444-4444-4444-444444444444',
 '林爽文古戰場定位點',
 23.716800,
 120.762900,
 120,
 150,
 '沿長源圳步道方向前進，尋找歷史敘事牌與地景節點',
 'ACTIVE',
 1,
 TRUE,
 CURRENT_TIMESTAMP,
 CURRENT_TIMESTAMP),
('eeeeeeee-eeee-eeee-eeee-eeeeeeeeeeee',
 '55555555-5555-5555-5555-555555555555',
 '武岫竹炭窯文化園區定位點',
 23.724034,
 120.757228,
 80,
 150,
 '由竹林村方向進入，沿茶園與竹林地景抵達窯區',
 'ACTIVE',
 1,
 TRUE,
 CURRENT_TIMESTAMP,
 CURRENT_TIMESTAMP);

-- Insert 5 AI riddle configs
INSERT INTO ai_riddle_config (id, quest_id, riddle_prompt, answer_criteria, spoiler_policy, completion_policy, status, created_at, updated_at) VALUES
(gen_random_uuid(),
 '11111111-1111-1111-1111-111111111111',
 '請玩家在橋頭或橋邊觀察地方產業意象。提示：它和小半天孟宗竹產業有關，常以長條葉片或筍形圖案出現在橋頭柱、擋土牆等設計上。',
 '竹葉意象或冬筍意象',
 '可提示觀察橋頭柱、擋土牆、地方產業圖案與孟宗竹關聯；不可直接說出竹葉或冬筍。',
 '玩家答出竹葉意象、冬筍意象，或明確描述橋上與孟宗竹產業相關的圖案，即判定完成。',
 'ACTIVE',
 CURRENT_TIMESTAMP,
 CURRENT_TIMESTAMP),
(gen_random_uuid(),
 '22222222-2222-2222-2222-222222222222',
 '請玩家找出公園中最具代表性的季節植物。提示：它在這個公園常被介紹為一年可在二月與九月開花兩次，花色常吸引遊客拍照。',
 '河津櫻',
 '可提示櫻花、花季、二月與九月兩次開花；不可直接說出河津櫻。',
 '玩家答出河津櫻，或答出此處代表性的櫻花樹並能補充一年兩次花期，即判定完成。',
 'ACTIVE',
 CURRENT_TIMESTAMP,
 CURRENT_TIMESTAMP),
(gen_random_uuid(),
 '33333333-3333-3333-3333-333333333333',
 '請玩家觀察館內或展示區的手工藝物件。提示：答案是一種用竹材交錯成形的地方工藝，可出現在籃、器具或裝飾作品上。',
 '竹編',
 '可提示竹材紋理、交錯結構、手作展示與生活器具；不可直接說出竹編。',
 '玩家答出竹編，或能指認以竹材交錯編成的器物與小半天竹工藝關聯，即判定完成。',
 'ACTIVE',
 CURRENT_TIMESTAMP,
 CURRENT_TIMESTAMP),
(gen_random_uuid(),
 '44444444-4444-4444-4444-444444444444',
 '請玩家尋找古戰場中用來紀念歷史事件的特殊實體物件。提示：它像一場尚未完成的對局，放在步道旁，象徵起義未竟之意。',
 '巨大象棋殘局',
 '可提示步道旁、未完成對局、紀念林爽文事件；不可直接說出象棋殘局。',
 '玩家答出巨大象棋殘局、象棋盤、未下完的象棋局，且能連結林爽文事件紀念意義，即判定完成。',
 'ACTIVE',
 CURRENT_TIMESTAMP,
 CURRENT_TIMESTAMP),
(gen_random_uuid(),
 '55555555-5555-5555-5555-555555555555',
 '請玩家找出園區中和孟宗竹轉化利用最相關的黑色材料或製程設施。提示：它由竹材經窯燒而成，可延伸成食品、生活用品與文創商品。',
 '竹炭或竹炭窯',
 '可提示黑色材料、窯燒、孟宗竹、產品陳列與CAS優良林產品；不可直接說出竹炭或竹炭窯。',
 '玩家答出竹炭、竹炭窯，或明確描述孟宗竹經窯燒後形成的黑色材料與產品，即判定完成。',
 'ACTIVE',
 CURRENT_TIMESTAMP,
 CURRENT_TIMESTAMP);

-- Insert 5 coupon campaigns (merchant_id = NULL)
INSERT INTO coupon_campaign (id, game_id, quest_id, merchant_id, code, title, description, status, valid_from, valid_until, created_at, updated_at) VALUES
(gen_random_uuid(),
 '11111111-1111-1111-1111-111111111111',
 '11111111-1111-1111-1111-111111111111',
 NULL,
 'coupon-bridge-tea-01',
 '鹿谷茶葉購物折價券',
 '可於參考商家購買鹿谷茶葉、茶包或茶點伴手禮時折抵新台幣50元。',
 'ACTIVE',
 '2026-06-01T00:00:00+08:00',
 '2026-12-31T23:59:59+08:00',
 CURRENT_TIMESTAMP,
 CURRENT_TIMESTAMP),
(gen_random_uuid(),
 '11111111-1111-1111-1111-111111111111',
 '22222222-2222-2222-2222-222222222222',
 NULL,
 'coupon-shima-souvenir-01',
 '小半天伴手禮購物金',
 '可於參考商家購買櫻花主題明信片、農產伴手禮或地方紀念品時折抵新台幣50元。',
 'ACTIVE',
 '2026-06-01T00:00:00+08:00',
 '2026-12-31T23:59:59+08:00',
 CURRENT_TIMESTAMP,
 CURRENT_TIMESTAMP),
(gen_random_uuid(),
 '11111111-1111-1111-1111-111111111111',
 '33333333-3333-3333-3333-333333333333',
 NULL,
 'coupon-bamboo-craft-01',
 '竹藝商品購物折價券',
 '可於參考商家購買竹編小物、竹製生活用品或地方工藝商品時享購物折抵新台幣80元。',
 'ACTIVE',
 '2026-06-01T00:00:00+08:00',
 '2026-12-31T23:59:59+08:00',
 CURRENT_TIMESTAMP,
 CURRENT_TIMESTAMP),
(gen_random_uuid(),
 '11111111-1111-1111-1111-111111111111',
 '44444444-4444-4444-4444-444444444444',
 NULL,
 'coupon-heritage-farm-01',
 '小半天農產購物禮金',
 '可於參考商家購買竹筍加工品、茶葉、果乾或步道周邊農產伴手禮時折抵新台幣50元。',
 'ACTIVE',
 '2026-06-01T00:00:00+08:00',
 '2026-12-31T23:59:59+08:00',
 CURRENT_TIMESTAMP,
 CURRENT_TIMESTAMP),
(gen_random_uuid(),
 '11111111-1111-1111-1111-111111111111',
 '55555555-5555-5555-5555-555555555555',
 NULL,
 'coupon-wuxiu-charcoal-01',
 '竹炭商品購物折價券',
 '可於參考商家購買竹炭商品、竹炭食品、竹炭清潔用品或茶葉伴手禮時折抵新台幣100元。',
 'ACTIVE',
 '2026-06-01T00:00:00+08:00',
 '2026-12-31T23:59:59+08:00',
 CURRENT_TIMESTAMP,
 CURRENT_TIMESTAMP);

-- Insert 5 knowledge documents
INSERT INTO knowledge_document (id, game_id, quest_id, location_id, title, content, source, spoiler_level, version, embedding_status, indexed_at, created_at, updated_at) VALUES
(gen_random_uuid(),
 '11111111-1111-1111-1111-111111111111',
 '11111111-1111-1111-1111-111111111111',
 'aaaaaaaa-aaaa-aaaa-aaaa-aaaaaaaaaaaa',
 '小半天高架橋',
 '小半天高架橋位於南投縣鹿谷鄉小半天地區，是進入小半天三村的重要道路與地標。橋梁跨越高聳溪谷，採三跨式脊背橋設計，總長約370公尺，橋面離地約60公尺，橋面寬度約15.5公尺，興建目的之一是降低原有明隧道路段受豪雨、土石流或崩塌影響而中斷的風險。現場可見高架橋橋體、橋墩、溪谷視野與道路銜接景觀。橋頭柱與擋土牆設計帶有冬筍、竹葉、螢火蟲與元寶等地方意象，其中冬筍與竹葉對應小半天的孟宗竹產業背景。這座橋兼具交通安全、觀光入口、山谷景觀與地方產業象徵，是小半天路線中容易辨識的實體設施。',
 'admin-seed',
 'GENERAL',
 1,
 'PENDING',
 NULL,
 CURRENT_TIMESTAMP,
 CURRENT_TIMESTAMP),
(gen_random_uuid(),
 '11111111-1111-1111-1111-111111111111',
 '22222222-2222-2222-2222-222222222222',
 'bbbbbbbb-bbbb-bbbb-bbbb-bbbbbbbbbbbb',
 '小半天石馬公園',
 '小半天石馬公園位於南投鹿谷小半天入口與主要觀光動線附近，原本為墓地用地，後來經整治與規劃轉型為休憩公園與賞花景點。園區最具代表性的環境特徵是大片櫻花林，尤其以河津櫻最知名，也可見八重櫻、山櫻等櫻花種類。石馬公園的河津櫻常被介紹為一年可在二月與九月開花兩次，形成小半天特殊的季節景觀。玩家抵達時可觀察步道、公園坡地、櫻花樹列、休憩空間與賞花動線。石馬公園也是串接小半天其他景點與步道的停留節點，環境特色以花季、櫻樹、入口位置與小半天山村景觀為主。',
 'admin-seed',
 'GENERAL',
 1,
 'PENDING',
 NULL,
 CURRENT_TIMESTAMP,
 CURRENT_TIMESTAMP),
(gen_random_uuid(),
 '11111111-1111-1111-1111-111111111111',
 '33333333-3333-3333-3333-333333333333',
 'cccccccc-cccc-cccc-cccc-cccccccccccc',
 '小半天竹藝工坊',
 '小半天竹藝工坊位於南投縣鹿谷鄉竹林村光復路174-6號，鄰近小半天旅遊服務中心與竹藝文化館，是推廣鹿谷孟宗竹文化與竹工藝的據點。鹿谷小半天長期以孟宗竹、竹筍、茶葉與山村農業聞名，竹藝工坊將在地竹產業轉化為可展示與可體驗的文化內容。現場代表性事物包含竹編、竹雕、竹家具、竹製生活器具與手作展示，部分介紹也提到館內可見大量精緻竹編竹雕作品。玩家可透過可見的竹材紋理、編織結構、竹製器物與展示空間，辨識這裡與竹文化、手工藝、孟宗竹產業的關聯。這個景點的文化背景不是單一建築，而是小半天竹林產業、社區工藝與觀光服務的結合。',
 'admin-seed',
 'GENERAL',
 1,
 'PENDING',
 NULL,
 CURRENT_TIMESTAMP,
 CURRENT_TIMESTAMP),
(gen_random_uuid(),
 '11111111-1111-1111-1111-111111111111',
 '44444444-4444-4444-4444-444444444444',
 'dddddddd-dddd-dddd-dddd-dddddddddddd',
 '林爽文古戰場／孟宗竹林古戰場',
 '林爽文古戰場又稱孟宗竹林古戰場，位於南投鹿谷小半天的孟宗竹林與步道環境中，常與長源圳生態步道串聯。此處的文化背景與清代林爽文事件有關，林爽文事件發生於乾隆51年至53年（1786至1788年），是清代台灣規模極大的民變之一，並與天地會、反清起義及地方農民抗爭記憶相連。古戰場現場代表性環境是高聳孟宗竹林、步道、林蔭、水圳周邊景觀與歷史解說元素。公開介紹中常提到步道旁設有一盤未下完的巨大象棋殘局，用以象徵與紀念林爽文起義未竟之意。部分入口或周邊也可見竹藝展示品、農具圖案石版或石砌牆面等元素，凸顯農民起義與竹林地方特色。這個景點適合以可見的象棋殘局、孟宗竹林、歷史事件年代與天地會背景作為解題知識。',
 'admin-seed',
 'GENERAL',
 1,
 'PENDING',
 NULL,
 CURRENT_TIMESTAMP,
 CURRENT_TIMESTAMP),
(gen_random_uuid(),
 '11111111-1111-1111-1111-111111111111',
 '55555555-5555-5555-5555-555555555555',
 'eeeeeeee-eeee-eeee-eeee-eeeeeeeeeeee',
 '武岫竹炭窯文化園區／竹炭窯文化園區',
 '武岫竹炭窯文化園區位於南投鹿谷小半天附近，與竹林、茶園、生態步道和農業體驗相連。武岫休閒農場長期經營茶園，也擁有孟宗竹林，後續結合產官學研發與改良式傳統窯燒技術，推動孟宗竹炭製作與竹炭產品。公開介紹指出武岫竹炭曾取得CAS台灣優良林產品相關認證，園區核心內容包含竹炭窯、竹炭製程導覽、孟宗竹炭原料、竹炭食品、竹炭文創商品、竹林茶席、DIY體驗與生態步道。玩家可在現場觀察竹炭窯、黑色竹炭材料、竹炭產品陳列、茶園與竹林環境。這個景點的文化意義在於把小半天孟宗竹產業從竹筍、竹材延伸到竹炭、農業休閒與生活應用。',
 'admin-seed',
 'GENERAL',
 1,
 'PENDING',
 NULL,
 CURRENT_TIMESTAMP,
 CURRENT_TIMESTAMP);